DATE,ten_year_yield,two_year_yield
17/04/2018, 2.82 , 2.41 
18/04/2018, 2.87 , 2.42 
19/04/2018, 2.92 , 2.44 
20/04/2018, 2.96 , 2.46 
23/04/2018, 2.98 , 2.49 
24/04/2018, 3.00 , 2.48 
25/04/2018, 3.03 , 2.49 
26/04/2018, 3.00 , 2.49 
27/04/2018, 2.96 , 2.49 
30/04/2018, 2.95 , 2.49 
01/05/2018, 2.97 , 2.50 
02/05/2018, 2.97 , 2.49 
03/05/2018, 2.94 , 2.49 
04/05/2018, 2.95 , 2.51 
07/05/2018, 2.95 , 2.49 
08/05/2018, 2.97 , 2.51 
09/05/2018, 3.00 , 2.54 
10/05/2018, 2.97 , 2.54 
11/05/2018, 2.97 , 2.54 
14/05/2018, 3.00 , 2.55 
15/05/2018, 3.08 , 2.58 
16/05/2018, 3.09 , 2.58 
17/05/2018, 3.11 , 2.57 
18/05/2018, 3.06 , 2.55 
21/05/2018, 3.06 , 2.58 
22/05/2018, 3.06 , 2.59 
23/05/2018, 3.01 , 2.53 
24/05/2018, 2.98 , 2.50 
25/05/2018, 2.93 , 2.48 
28/05/2018, 2.93 , 2.48 
29/05/2018, 2.77 , 2.32 
30/05/2018, 2.84 , 2.42 
31/05/2018, 2.83 , 2.40 
01/06/2018, 2.89 , 2.47 
04/06/2018, 2.94 , 2.52 
05/06/2018, 2.92 , 2.49 
06/06/2018, 2.97 , 2.52 
07/06/2018, 2.93 , 2.50 
08/06/2018, 2.93 , 2.50 
11/06/2018, 2.96 , 2.52 
12/06/2018, 2.96 , 2.54 
13/06/2018, 2.98 , 2.59 
14/06/2018, 2.94 , 2.59 
15/06/2018, 2.93 , 2.55 
18/06/2018, 2.92 , 2.56 
19/06/2018, 2.89 , 2.54 
20/06/2018, 2.93 , 2.56 
21/06/2018, 2.90 , 2.56 
22/06/2018, 2.90 , 2.56 
25/06/2018, 2.87 , 2.54 
26/06/2018, 2.88 , 2.53 
27/06/2018, 2.83 , 2.52 
28/06/2018, 2.84 , 2.52 
29/06/2018, 2.85 , 2.52 
02/07/2018, 2.87 , 2.57 
03/07/2018, 2.83 , 2.53 
04/07/2018, 2.83 , 2.53 
05/07/2018, 2.84 , 2.55 
06/07/2018, 2.82 , 2.53 
09/07/2018, 2.86 , 2.57 
10/07/2018, 2.87 , 2.59 
11/07/2018, 2.85 , 2.58 
12/07/2018, 2.85 , 2.60 
13/07/2018, 2.83 , 2.59 
16/07/2018, 2.85 , 2.59 
17/07/2018, 2.86 , 2.62 
18/07/2018, 2.88 , 2.60 
19/07/2018, 2.84 , 2.60 
20/07/2018, 2.89 , 2.60 
23/07/2018, 2.96 , 2.64 
24/07/2018, 2.95 , 2.63 
25/07/2018, 2.94 , 2.66 
26/07/2018, 2.98 , 2.69 
27/07/2018, 2.96 , 2.67 
30/07/2018, 2.98 , 2.66 
31/07/2018, 2.96 , 2.67 
01/08/2018, 3.00 , 2.67 
02/08/2018, 2.98 , 2.66 
03/08/2018, 2.95 , 2.63 
06/08/2018, 2.94 , 2.64 
07/08/2018, 2.98 , 2.68 
08/08/2018, 2.96 , 2.68 
09/08/2018, 2.93 , 2.64 
10/08/2018, 2.87 , 2.61 
13/08/2018, 2.88 , 2.61 
14/08/2018, 2.89 , 2.63 
15/08/2018, 2.86 , 2.61 
16/08/2018, 2.87 , 2.63 
17/08/2018, 2.87 , 2.61 
20/08/2018, 2.82 , 2.60 
21/08/2018, 2.85 , 2.61 
22/08/2018, 2.82 , 2.60 
23/08/2018, 2.82 , 2.61 
24/08/2018, 2.82 , 2.63 
27/08/2018, 2.85 , 2.67 
28/08/2018, 2.88 , 2.67 
29/08/2018, 2.89 , 2.67 
30/08/2018, 2.86 , 2.64 
31/08/2018, 2.86 , 2.62 
03/09/2018, 2.86 , 2.62 
04/09/2018, 2.90 , 2.66 
05/09/2018, 2.90 , 2.66 
06/09/2018, 2.88 , 2.64 
07/09/2018, 2.94 , 2.71 
10/09/2018, 2.94 , 2.73 
11/09/2018, 2.98 , 2.76 
12/09/2018, 2.97 , 2.74 
13/09/2018, 2.97 , 2.76 
14/09/2018, 2.99 , 2.78 
17/09/2018, 2.99 , 2.78 
18/09/2018, 3.05 , 2.81 
19/09/2018, 3.08 , 2.81 
20/09/2018, 3.07 , 2.81 
21/09/2018, 3.07 , 2.81 
24/09/2018, 3.08 , 2.83 
25/09/2018, 3.10 , 2.83 
26/09/2018, 3.06 , 2.83 
27/09/2018, 3.06 , 2.83 
28/09/2018, 3.05 , 2.81 
01/10/2018, 3.09 , 2.82 
02/10/2018, 3.05 , 2.82 
03/10/2018, 3.15 , 2.85 
04/10/2018, 3.19 , 2.87 
05/10/2018, 3.23 , 2.88 
08/10/2018, 3.23 , 2.88 
09/10/2018, 3.21 , 2.88 
10/10/2018, 3.22 , 2.88 
11/10/2018, 3.14 , 2.85 
12/10/2018, 3.15 , 2.85 
15/10/2018, 3.16 , 2.85 
16/10/2018, 3.16 , 2.87 
17/10/2018, 3.19 , 2.89 
18/10/2018, 3.17 , 2.87 
19/10/2018, 3.20 , 2.92 
22/10/2018, 3.20 , 2.92 
23/10/2018, 3.17 , 2.89 
24/10/2018, 3.10 , 2.84 
25/10/2018, 3.14 , 2.86 
26/10/2018, 3.08 , 2.81 
29/10/2018, 3.08 , 2.81 
30/10/2018, 3.12 , 2.84 
31/10/2018, 3.15 , 2.87 
01/11/2018, 3.14 , 2.84 
02/11/2018, 3.22 , 2.91 
05/11/2018, 3.20 , 2.91 
06/11/2018, 3.22 , 2.93 
07/11/2018, 3.22 , 2.96 
08/11/2018, 3.24 , 2.98 
09/11/2018, 3.19 , 2.94 
12/11/2018, 3.19 , 2.94 
13/11/2018, 3.14 , 2.89 
14/11/2018, 3.12 , 2.86 
15/11/2018, 3.11 , 2.86 
16/11/2018, 3.08 , 2.81 
19/11/2018, 3.06 , 2.79 
20/11/2018, 3.06 , 2.79 
21/11/2018, 3.06 , 2.81 
22/11/2018, 3.06 , 2.81 
23/11/2018, 3.05 , 2.81 
26/11/2018, 3.07 , 2.84 
27/11/2018, 3.06 , 2.83 
28/11/2018, 3.06 , 2.81 
29/11/2018, 3.03 , 2.81 
30/11/2018, 3.01 , 2.80 
03/12/2018, 2.98 , 2.83 
04/12/2018, 2.91 , 2.80 
05/12/2018, 2.91 , 2.80 
06/12/2018, 2.87 , 2.75 
07/12/2018, 2.85 , 2.72 
10/12/2018, 2.85 , 2.72 
11/12/2018, 2.89 , 2.78 
12/12/2018, 2.91 , 2.77 
13/12/2018, 2.91 , 2.75 
14/12/2018, 2.89 , 2.73 
17/12/2018, 2.86 , 2.70 
18/12/2018, 2.82 , 2.65 
19/12/2018, 2.77 , 2.63 
20/12/2018, 2.79 , 2.67 
21/12/2018, 2.79 , 2.63 
24/12/2018, 2.74 , 2.55 
25/12/2018, 2.74 , 2.55 
26/12/2018, 2.81 , 2.61 
27/12/2018, 2.77 , 2.56 
28/12/2018, 2.72 , 2.52 
31/12/2018, 2.69 , 2.48 
01/01/2019, 2.69 , 2.48 
02/01/2019, 2.66 , 2.50 
03/01/2019, 2.56 , 2.39 
04/01/2019, 2.67 , 2.50 
07/01/2019, 2.70 , 2.53 
08/01/2019, 2.73 , 2.58 
09/01/2019, 2.74 , 2.56 
10/01/2019, 2.74 , 2.56 
11/01/2019, 2.71 , 2.55 
14/01/2019, 2.71 , 2.53 
15/01/2019, 2.72 , 2.53 
16/01/2019, 2.73 , 2.55 
17/01/2019, 2.75 , 2.56 
18/01/2019, 2.79 , 2.62 
21/01/2019, 2.79 , 2.62 
22/01/2019, 2.74 , 2.58 
23/01/2019, 2.76 , 2.58 
24/01/2019, 2.72 , 2.56 
25/01/2019, 2.76 , 2.60 
28/01/2019, 2.75 , 2.60 
29/01/2019, 2.72 , 2.56 
30/01/2019, 2.70 , 2.52 
31/01/2019, 2.63 , 2.45 
01/02/2019, 2.70 , 2.52 
04/02/2019, 2.73 , 2.53 
05/02/2019, 2.71 , 2.53 
06/02/2019, 2.70 , 2.52 
07/02/2019, 2.65 , 2.48 
08/02/2019, 2.63 , 2.45 
11/02/2019, 2.65 , 2.48 
12/02/2019, 2.68 , 2.50 
13/02/2019, 2.71 , 2.53 
14/02/2019, 2.66 , 2.50 
15/02/2019, 2.66 , 2.52 
18/02/2019, 2.66 , 2.52 
19/02/2019, 2.65 , 2.50 
20/02/2019, 2.65 , 2.50 
21/02/2019, 2.69 , 2.53 
22/02/2019, 2.65 , 2.48 
25/02/2019, 2.67 , 2.51 
26/02/2019, 2.64 , 2.48 
27/02/2019, 2.69 , 2.50 
28/02/2019, 2.73 , 2.52 
01/03/2019, 2.76 , 2.55 
04/03/2019, 2.72 , 2.55 
05/03/2019, 2.72 , 2.55 
06/03/2019, 2.69 , 2.52 
07/03/2019, 2.64 , 2.47 
08/03/2019, 2.62 , 2.45 
11/03/2019, 2.64 , 2.47 
12/03/2019, 2.61 , 2.45 
13/03/2019, 2.61 , 2.45 
14/03/2019, 2.63 , 2.46 
15/03/2019, 2.59 , 2.43 
18/03/2019, 2.60 , 2.45 
19/03/2019, 2.61 , 2.46 
20/03/2019, 2.54 , 2.40 
21/03/2019, 2.54 , 2.41 
22/03/2019, 2.44 , 2.31 
25/03/2019, 2.43 , 2.26 
26/03/2019, 2.41 , 2.24 
27/03/2019, 2.39 , 2.22 
28/03/2019, 2.39 , 2.23 
29/03/2019, 2.41 , 2.27 
01/04/2019, 2.49 , 2.33 
02/04/2019, 2.48 , 2.30 
03/04/2019, 2.52 , 2.33 
04/04/2019, 2.51 , 2.33 
05/04/2019, 2.50 , 2.35 
08/04/2019, 2.52 , 2.36 
09/04/2019, 2.51 , 2.35 
10/04/2019, 2.48 , 2.31 
11/04/2019, 2.51 , 2.35 
12/04/2019, 2.56 , 2.40 
15/04/2019, 2.55 , 2.40 
16/04/2019, 2.60 , 2.41 
17/04/2019, 2.59 , 2.40 
18/04/2019, 2.57 , 2.38 
19/04/2019, 2.57 , 2.38 
22/04/2019, 2.59 , 2.38 
23/04/2019, 2.57 , 2.36 
24/04/2019, 2.53 , 2.32 
25/04/2019, 2.54 , 2.33 
26/04/2019, 2.51 , 2.28 
29/04/2019, 2.54 , 2.30 
30/04/2019, 2.51 , 2.27 
01/05/2019, 2.52 , 2.31 
02/05/2019, 2.55 , 2.35 
03/05/2019, 2.54 , 2.33 
06/05/2019, 2.51 , 2.31 
07/05/2019, 2.45 , 2.28 
08/05/2019, 2.49 , 2.30 
09/05/2019, 2.45 , 2.26 
10/05/2019, 2.47 , 2.26 
13/05/2019, 2.40 , 2.18 
14/05/2019, 2.42 , 2.20 
15/05/2019, 2.37 , 2.16 
16/05/2019, 2.40 , 2.20 
17/05/2019, 2.39 , 2.20 
20/05/2019, 2.41 , 2.21 
21/05/2019, 2.43 , 2.26 
22/05/2019, 2.39 , 2.23 
23/05/2019, 2.31 , 2.12 
24/05/2019, 2.32 , 2.16 
27/05/2019, 2.32 , 2.16 
28/05/2019, 2.26 , 2.12 
29/05/2019, 2.25 , 2.09 
30/05/2019, 2.22 , 2.06 
31/05/2019, 2.14 , 1.95 
03/06/2019, 2.07 , 1.82 
04/06/2019, 2.12 , 1.88 
05/06/2019, 2.12 , 1.83 
06/06/2019, 2.12 , 1.88 
07/06/2019, 2.09 , 1.85 
10/06/2019, 2.15 , 1.90 
11/06/2019, 2.15 , 1.93 
12/06/2019, 2.13 , 1.88 
13/06/2019, 2.10 , 1.83 
14/06/2019, 2.09 , 1.84 
17/06/2019, 2.09 , 1.86 
18/06/2019, 2.06 , 1.86 
19/06/2019, 2.03 , 1.74 
20/06/2019, 2.01 , 1.72 
21/06/2019, 2.07 , 1.77 
24/06/2019, 2.02 , 1.72 
25/06/2019, 2.00 , 1.71 
26/06/2019, 2.05 , 1.77 
27/06/2019, 2.01 , 1.74 
28/06/2019, 2.00 , 1.75 
01/07/2019, 2.03 , 1.78 
02/07/2019, 1.98 , 1.77 
03/07/2019, 1.96 , 1.77 
04/07/2019, 1.96 , 1.77 
05/07/2019, 2.04 , 1.87 
08/07/2019, 2.05 , 1.88 
09/07/2019, 2.07 , 1.92 
10/07/2019, 2.07 , 1.82 
11/07/2019, 2.13 , 1.85 
12/07/2019, 2.12 , 1.84 
15/07/2019, 2.09 , 1.83 
16/07/2019, 2.13 , 1.87 
17/07/2019, 2.06 , 1.83 
18/07/2019, 2.04 , 1.77 
19/07/2019, 2.05 , 1.80 
22/07/2019, 2.05 , 1.80 
23/07/2019, 2.08 , 1.83 
24/07/2019, 2.05 , 1.83 
25/07/2019, 2.08 , 1.86 
26/07/2019, 2.08 , 1.86 
29/07/2019, 2.06 , 1.85 
30/07/2019, 2.06 , 1.85 
31/07/2019, 2.02 , 1.89 
01/08/2019, 1.90 , 1.73 
02/08/2019, 1.86 , 1.72 
05/08/2019, 1.75 , 1.59 
06/08/2019, 1.73 , 1.60 
07/08/2019, 1.71 , 1.59 
08/08/2019, 1.72 , 1.62 
09/08/2019, 1.74 , 1.63 
12/08/2019, 1.65 , 1.58 
13/08/2019, 1.68 , 1.66 
14/08/2019, 1.59 , 1.58 
15/08/2019, 1.52 , 1.48 
16/08/2019, 1.55 , 1.48 
19/08/2019, 1.60 , 1.53 
20/08/2019, 1.55 , 1.50 
21/08/2019, 1.59 , 1.56 
22/08/2019, 1.62 , 1.61 
23/08/2019, 1.52 , 1.51 
26/08/2019, 1.54 , 1.54 
27/08/2019, 1.49 , 1.53 
28/08/2019, 1.47 , 1.50 
29/08/2019, 1.50 , 1.53 
30/08/2019, 1.50 , 1.50 
02/09/2019, 1.50 , 1.50 
03/09/2019, 1.47 , 1.47 
04/09/2019, 1.47 , 1.43 
05/09/2019, 1.57 , 1.55 
06/09/2019, 1.55 , 1.53 
09/09/2019, 1.63 , 1.58 
10/09/2019, 1.72 , 1.67 
11/09/2019, 1.75 , 1.68 
12/09/2019, 1.79 , 1.72 
13/09/2019, 1.90 , 1.79 
16/09/2019, 1.84 , 1.74 
17/09/2019, 1.81 , 1.72 
18/09/2019, 1.80 , 1.77 
19/09/2019, 1.79 , 1.74 
20/09/2019, 1.74 , 1.69 
23/09/2019, 1.72 , 1.68 
24/09/2019, 1.64 , 1.60 
25/09/2019, 1.73 , 1.68 
26/09/2019, 1.70 , 1.66 
27/09/2019, 1.69 , 1.63 
30/09/2019, 1.68 , 1.63 
01/10/2019, 1.65 , 1.56 
02/10/2019, 1.60 , 1.48 
03/10/2019, 1.54 , 1.39 
04/10/2019, 1.52 , 1.40 
07/10/2019, 1.56 , 1.46 
08/10/2019, 1.54 , 1.42 
09/10/2019, 1.59 , 1.47 
10/10/2019, 1.67 , 1.53 
11/10/2019, 1.76 , 1.63 
14/10/2019, 1.76 , 1.63 
15/10/2019, 1.77 , 1.61 
16/10/2019, 1.75 , 1.58 
17/10/2019, 1.76 , 1.60 
18/10/2019, 1.76 , 1.58 
21/10/2019, 1.80 , 1.62 
22/10/2019, 1.78 , 1.60 
23/10/2019, 1.77 , 1.58 
24/10/2019, 1.77 , 1.58 
25/10/2019, 1.80 , 1.63 
28/10/2019, 1.85 , 1.64 
29/10/2019, 1.84 , 1.64 
30/10/2019, 1.78 , 1.61 
31/10/2019, 1.69 , 1.52 
01/11/2019, 1.73 , 1.56 
04/11/2019, 1.79 , 1.60 
05/11/2019, 1.86 , 1.63 
06/11/2019, 1.81 , 1.61 
07/11/2019, 1.92 , 1.68 
08/11/2019, 1.94 , 1.68 
11/11/2019, 1.94 , 1.68 
12/11/2019, 1.92 , 1.66 
13/11/2019, 1.88 , 1.63 
14/11/2019, 1.82 , 1.58 
15/11/2019, 1.84 , 1.61 
18/11/2019, 1.81 , 1.60 
19/11/2019, 1.79 , 1.60 
20/11/2019, 1.73 , 1.56 
21/11/2019, 1.77 , 1.60 
22/11/2019, 1.77 , 1.61 
25/11/2019, 1.76 , 1.61 
26/11/2019, 1.74 , 1.58 
27/11/2019, 1.77 , 1.63 
28/11/2019, 1.77 , 1.63 
29/11/2019, 1.78 , 1.61 
02/12/2019, 1.83 , 1.61 
03/12/2019, 1.72 , 1.53 
04/12/2019, 1.77 , 1.58 
05/12/2019, 1.80 , 1.58 
06/12/2019, 1.84 , 1.61 
09/12/2019, 1.83 , 1.63 
10/12/2019, 1.85 , 1.65 
11/12/2019, 1.79 , 1.61 
12/12/2019, 1.90 , 1.66 
13/12/2019, 1.82 , 1.61 
16/12/2019, 1.89 , 1.65 
17/12/2019, 1.89 , 1.63 
18/12/2019, 1.92 , 1.63 
19/12/2019, 1.92 , 1.62 
20/12/2019, 1.92 , 1.63 
23/12/2019, 1.93 , 1.64 
24/12/2019, 1.90 , 1.62 
25/12/2019, 1.90 , 1.62 
26/12/2019, 1.90 , 1.64 
27/12/2019, 1.88 , 1.59 
30/12/2019, 1.90 , 1.58 
31/12/2019, 1.92 , 1.58 
01/01/2020, 1.92 , 1.58 
02/01/2020, 1.88 , 1.58 
03/01/2020, 1.80 , 1.53 
06/01/2020, 1.81 , 1.54 
07/01/2020, 1.83 , 1.54 
08/01/2020, 1.87 , 1.58 
09/01/2020, 1.85 , 1.58 
10/01/2020, 1.83 , 1.56 
13/01/2020, 1.85 , 1.58 
14/01/2020, 1.82 , 1.58 
15/01/2020, 1.79 , 1.56 
16/01/2020, 1.81 , 1.58 
17/01/2020, 1.84 , 1.58 
20/01/2020, 1.84 , 1.58 
21/01/2020, 1.78 , 1.53 
22/01/2020, 1.77 , 1.53 
23/01/2020, 1.74 , 1.51 
24/01/2020, 1.70 , 1.49 
27/01/2020, 1.61 , 1.44 
28/01/2020, 1.65 , 1.45 
29/01/2020, 1.60 , 1.42 
30/01/2020, 1.57 , 1.41 
31/01/2020, 1.51 , 1.33 
03/02/2020, 1.54 , 1.36 
04/02/2020, 1.61 , 1.41 
05/02/2020, 1.66 , 1.44 
06/02/2020, 1.65 , 1.44 
07/02/2020, 1.59 , 1.41 
10/02/2020, 1.56 , 1.37 
11/02/2020, 1.59 , 1.41 
12/02/2020, 1.62 , 1.44 
13/02/2020, 1.61 , 1.44 
14/02/2020, 1.59 , 1.42 
17/02/2020, 1.59 , 1.42 
18/02/2020, 1.55 , 1.41 
19/02/2020, 1.56 , 1.42 
20/02/2020, 1.52 , 1.39 
21/02/2020, 1.46 , 1.34 
24/02/2020, 1.38 , 1.26 
25/02/2020, 1.33 , 1.20 
26/02/2020, 1.33 , 1.16 
27/02/2020, 1.30 , 1.11 
28/02/2020, 1.13 , 0.86 
02/03/2020, 1.10 , 0.84 
03/03/2020, 1.02 , 0.71 
04/03/2020, 1.02 , 0.67 
05/03/2020, 0.92 , 0.59 
06/03/2020, 0.74 , 0.49 
09/03/2020, 0.54 , 0.38 
10/03/2020, 0.76 , 0.50 
11/03/2020, 0.82 , 0.50 
12/03/2020, 0.88 , 0.50 
13/03/2020, 0.94 , 0.49 
16/03/2020, 0.73 , 0.36 
17/03/2020, 1.02 , 0.47 
18/03/2020, 1.18 , 0.54 
19/03/2020, 1.12 , 0.44 
20/03/2020, 0.92 , 0.37 
23/03/2020, 0.76 , 0.28 
24/03/2020, 0.84 , 0.38 
25/03/2020, 0.88 , 0.34 
26/03/2020, 0.83 , 0.30 
27/03/2020, 0.72 , 0.25 
30/03/2020, 0.70 , 0.23 
31/03/2020, 0.70 , 0.23 
01/04/2020, 0.62 , 0.23 
02/04/2020, 0.63 , 0.23 
03/04/2020, 0.62 , 0.23 
06/04/2020, 0.67 , 0.27 
07/04/2020, 0.75 , 0.28 
08/04/2020, 0.77 , 0.27 
09/04/2020, 0.73 , 0.23 
10/04/2020, 0.73 , 0.23 
13/04/2020, 0.76 , 0.25 
14/04/2020, 0.76 , 0.23 
15/04/2020, 0.63 , 0.20 
16/04/2020, 0.61 , 0.20 
17/04/2020, 0.65 , 0.20 
20/04/2020, 0.63 , 0.20 
21/04/2020, 0.58 , 0.20 
22/04/2020, 0.63 , 0.22 
23/04/2020, 0.61 , 0.22 
24/04/2020, 0.60 , 0.22 
27/04/2020, 0.67 , 0.24 
28/04/2020, 0.62 , 0.20 
29/04/2020, 0.63 , 0.20 
30/04/2020, 0.64 , 0.20 
01/05/2020, 0.64 , 0.20 
04/05/2020, 0.64 , 0.19 
05/05/2020, 0.66 , 0.19 
06/05/2020, 0.72 , 0.17 
07/05/2020, 0.63 , 0.13 
08/05/2020, 0.69 , 0.16 
11/05/2020, 0.73 , 0.17 
12/05/2020, 0.69 , 0.17 
13/05/2020, 0.64 , 0.16 
14/05/2020, 0.63 , 0.16 
15/05/2020, 0.64 , 0.16 
18/05/2020, 0.73 , 0.18 
19/05/2020, 0.70 , 0.17 
20/05/2020, 0.68 , 0.16 
21/05/2020, 0.68 , 0.17 
22/05/2020, 0.66 , 0.17 
25/05/2020, 0.66 , 0.17 
26/05/2020, 0.69 , 0.18 
27/05/2020, 0.68 , 0.19 
28/05/2020, 0.70 , 0.17 
29/05/2020, 0.65 , 0.16 
01/06/2020, 0.66 , 0.14 
02/06/2020, 0.68 , 0.17 
03/06/2020, 0.77 , 0.19 
04/06/2020, 0.82 , 0.19 
05/06/2020, 0.91 , 0.22 
08/06/2020, 0.88 , 0.22 
09/06/2020, 0.84 , 0.20 
10/06/2020, 0.75 , 0.17 
11/06/2020, 0.66 , 0.19 
12/06/2020, 0.71 , 0.19 
15/06/2020, 0.71 , 0.19 
16/06/2020, 0.75 , 0.21 
17/06/2020, 0.74 , 0.19 
18/06/2020, 0.71 , 0.19 
19/06/2020, 0.70 , 0.19 
22/06/2020, 0.71 , 0.19 
23/06/2020, 0.72 , 0.18 
24/06/2020, 0.69 , 0.19 
25/06/2020, 0.68 , 0.17 
26/06/2020, 0.64 , 0.17 
29/06/2020, 0.64 , 0.16 
30/06/2020, 0.66 , 0.16 
01/07/2020, 0.69 , 0.17 
02/07/2020, 0.68 , 0.16 
03/07/2020, 0.68 , 0.16 
06/07/2020, 0.69 , 0.16 
07/07/2020, 0.65 , 0.16 
08/07/2020, 0.67 , 0.16 
09/07/2020, 0.62 , 0.16 
10/07/2020, 0.65 , 0.16 
13/07/2020, 0.64 , 0.16 
14/07/2020, 0.63 , 0.14 
15/07/2020, 0.64 , 0.16 
16/07/2020, 0.62 , 0.16 
17/07/2020, 0.64 , 0.14 
20/07/2020, 0.62 , 0.16 
21/07/2020, 0.61 , 0.14 
22/07/2020, 0.60 , 0.14 
23/07/2020, 0.59 , 0.16 
24/07/2020, 0.59 , 0.14 
27/07/2020, 0.62 , 0.15 
28/07/2020, 0.59 , 0.14 
29/07/2020, 0.58 , 0.12 
30/07/2020, 0.55 , 0.11 
31/07/2020, 0.55 , 0.11 
03/08/2020, 0.56 , 0.11 
04/08/2020, 0.52 , 0.11 
05/08/2020, 0.55 , 0.11 
06/08/2020, 0.55 , 0.11 
07/08/2020, 0.57 , 0.13 
10/08/2020, 0.59 , 0.14 
11/08/2020, 0.64 , 0.16 
12/08/2020, 0.69 , 0.16 
13/08/2020, 0.71 , 0.16 
14/08/2020, 0.71 , 0.14 
17/08/2020, 0.69 , 0.14 
18/08/2020, 0.67 , 0.14 
19/08/2020, 0.68 , 0.14 
20/08/2020, 0.65 , 0.13 
21/08/2020, 0.64 , 0.16 
24/08/2020, 0.65 , 0.14 
25/08/2020, 0.69 , 0.15 
26/08/2020, 0.69 , 0.16 
27/08/2020, 0.74 , 0.16 
28/08/2020, 0.74 , 0.14 
31/08/2020, 0.72 , 0.14 
01/09/2020, 0.68 , 0.13 
02/09/2020, 0.66 , 0.14 
03/09/2020, 0.63 , 0.13 
04/09/2020, 0.72 , 0.14 
07/09/2020, 0.72 , 0.14 
08/09/2020, 0.69 , 0.14 
09/09/2020, 0.71 , 0.14 
10/09/2020, 0.68 , 0.14 
11/09/2020, 0.67 , 0.13 
14/09/2020, 0.68 , 0.14 
15/09/2020, 0.68 , 0.14 
16/09/2020, 0.69 , 0.14 
17/09/2020, 0.69 , 0.13 
18/09/2020, 0.70 , 0.14 
21/09/2020, 0.68 , 0.14 
22/09/2020, 0.68 , 0.13 
23/09/2020, 0.68 , 0.14 
24/09/2020, 0.67 , 0.14 
25/09/2020, 0.66 , 0.12 
28/09/2020, 0.67 , 0.14 
29/09/2020, 0.66 , 0.11 
30/09/2020, 0.69 , 0.13 
01/10/2020, 0.68 , 0.14 
02/10/2020, 0.70 , 0.13 
05/10/2020, 0.78 , 0.14 
06/10/2020, 0.76 , 0.14 
07/10/2020, 0.81 , 0.16 
08/10/2020, 0.78 , 0.13 
09/10/2020, 0.79 , 0.16 
12/10/2020, 0.79 , 0.16 
13/10/2020, 0.74 , 0.16 
14/10/2020, 0.73 , 0.14 
15/10/2020, 0.74 , 0.14 
16/10/2020, 0.76 , 0.14 
19/10/2020, 0.78 , 0.16 
20/10/2020, 0.81 , 0.14 
21/10/2020, 0.83 , 0.14 
22/10/2020, 0.87 , 0.16 
23/10/2020, 0.85 , 0.18 
26/10/2020, 0.81 , 0.16 
27/10/2020, 0.79 , 0.16 
28/10/2020, 0.79 , 0.16 
29/10/2020, 0.85 , 0.16 
30/10/2020, 0.88 , 0.14 
02/11/2020, 0.87 , 0.16 
03/11/2020, 0.90 , 0.17 
04/11/2020, 0.78 , 0.14 
05/11/2020, 0.79 , 0.14 
06/11/2020, 0.83 , 0.16 
09/11/2020, 0.96 , 0.17 
10/11/2020, 0.98 , 0.19 
11/11/2020, 0.98 , 0.19 
12/11/2020, 0.88 , 0.17 
13/11/2020, 0.89 , 0.17 
16/11/2020, 0.91 , 0.19 
17/11/2020, 0.87 , 0.18 
18/11/2020, 0.88 , 0.16 
19/11/2020, 0.86 , 0.18 
20/11/2020, 0.83 , 0.16 
23/11/2020, 0.86 , 0.16 
24/11/2020, 0.88 , 0.16 
25/11/2020, 0.88 , 0.17 
26/11/2020, 0.88 , 0.17 
27/11/2020, 0.84 , 0.16 
30/11/2020, 0.84 , 0.16 
01/12/2020, 0.92 , 0.17 
02/12/2020, 0.95 , 0.16 
03/12/2020, 0.92 , 0.16 
04/12/2020, 0.97 , 0.16 
07/12/2020, 0.94 , 0.14 
08/12/2020, 0.92 , 0.14 
09/12/2020, 0.95 , 0.16 
10/12/2020, 0.92 , 0.14 
11/12/2020, 0.90 , 0.11 
14/12/2020, 0.90 , 0.13 
15/12/2020, 0.92 , 0.11 
16/12/2020, 0.92 , 0.13 
17/12/2020, 0.94 , 0.13 
18/12/2020, 0.95 , 0.13 
21/12/2020, 0.95 , 0.13 
22/12/2020, 0.93 , 0.13 
23/12/2020, 0.96 , 0.13 
24/12/2020, 0.94 , 0.13 
25/12/2020, 0.94 , 0.13 
28/12/2020, 0.94 , 0.13 
29/12/2020, 0.94 , 0.12 
30/12/2020, 0.93 , 0.12 
31/12/2020, 0.93 , 0.13 
01/01/2021, 0.93 , 0.13 
04/01/2021, 0.93 , 0.11 
05/01/2021, 0.96 , 0.13 
06/01/2021, 1.04 , 0.14 
07/01/2021, 1.08 , 0.14 
08/01/2021, 1.13 , 0.14 
11/01/2021, 1.15 , 0.14 
12/01/2021, 1.15 , 0.14 
13/01/2021, 1.10 , 0.14 
14/01/2021, 1.15 , 0.16 
15/01/2021, 1.11 , 0.13 
18/01/2021, 1.11 , 0.13 
19/01/2021, 1.10 , 0.14 
20/01/2021, 1.10 , 0.13 
21/01/2021, 1.12 , 0.13 
22/01/2021, 1.10 , 0.13 
25/01/2021, 1.05 , 0.13 
26/01/2021, 1.05 , 0.11 
27/01/2021, 1.04 , 0.12 
28/01/2021, 1.07 , 0.12 
29/01/2021, 1.11 , 0.11 
01/02/2021, 1.09 , 0.11 
02/02/2021, 1.12 , 0.11 
03/02/2021, 1.15 , 0.11 
04/02/2021, 1.15 , 0.11 
05/02/2021, 1.19 , 0.09 
08/02/2021, 1.19 , 0.11 
09/02/2021, 1.18 , 0.11 
10/02/2021, 1.15 , 0.11 
11/02/2021, 1.16 , 0.11 
12/02/2021, 1.20 , 0.11 
15/02/2021, 1.20 , 0.11 
16/02/2021, 1.30 , 0.13 
17/02/2021, 1.29 , 0.11 
18/02/2021, 1.29 , 0.11 
19/02/2021, 1.34 , 0.11 
22/02/2021, 1.37 , 0.11 
23/02/2021, 1.37 , 0.11 
24/02/2021, 1.38 , 0.12 
25/02/2021, 1.54 , 0.17 
26/02/2021, 1.44 , 0.14 
01/03/2021, 1.45 , 0.13 
02/03/2021, 1.42 , 0.13 
03/03/2021, 1.47 , 0.14 
04/03/2021, 1.54 , 0.14 
05/03/2021, 1.56 , 0.14 
08/03/2021, 1.59 , 0.17 
09/03/2021, 1.55 , 0.17 
10/03/2021, 1.53 , 0.16 
11/03/2021, 1.54 , 0.14 
12/03/2021, 1.64 , 0.14 
15/03/2021, 1.62 , 0.14 
16/03/2021, 1.62 , 0.15 
17/03/2021, 1.63 , 0.13 
18/03/2021, 1.71 , 0.16 
19/03/2021, 1.74 , 0.16 
22/03/2021, 1.69 , 0.15 
23/03/2021, 1.63 , 0.15 
24/03/2021, 1.62 , 0.14 
25/03/2021, 1.63 , 0.14 
26/03/2021, 1.67 , 0.14 
29/03/2021, 1.73 , 0.14 
30/03/2021, 1.73 , 0.16 
31/03/2021, 1.74 , 0.16 
01/04/2021, 1.69 , 0.17 
02/04/2021, 1.72 , 0.19 
05/04/2021, 1.73 , 0.17 
06/04/2021, 1.67 , 0.16 
07/04/2021, 1.68 , 0.16 
08/04/2021, 1.64 , 0.14 
09/04/2021, 1.67 , 0.16 
12/04/2021, 1.69 , 0.18 
13/04/2021, 1.64 , 0.16 
14/04/2021, 1.64 , 0.16 
15/04/2021, 1.56 , 0.16 
16/04/2021, 1.59 , 0.16 
19/04/2021, 1.61 , 0.16 
20/04/2021, 1.58 , 0.15 
21/04/2021, 1.57 , 0.15 
22/04/2021, 1.57 , 0.16 
23/04/2021, 1.58 , 0.16 
26/04/2021, 1.58 , 0.18 
27/04/2021, 1.63 , 0.17 
28/04/2021, 1.63 , 0.17 
29/04/2021, 1.65 , 0.16 
30/04/2021, 1.65 , 0.16 
03/05/2021, 1.63 , 0.16 
04/05/2021, 1.61 , 0.16 
05/05/2021, 1.59 , 0.16 
06/05/2021, 1.58 , 0.16 
07/05/2021, 1.60 , 0.14 
10/05/2021, 1.63 , 0.16 
11/05/2021, 1.64 , 0.16 
12/05/2021, 1.69 , 0.16 
13/05/2021, 1.66 , 0.16 
14/05/2021, 1.63 , 0.16 
17/05/2021, 1.64 , 0.16 
18/05/2021, 1.64 , 0.16 
19/05/2021, 1.68 , 0.16 
20/05/2021, 1.63 , 0.15 
21/05/2021, 1.63 , 0.17 
24/05/2021, 1.61 , 0.15 
25/05/2021, 1.56 , 0.15 
26/05/2021, 1.58 , 0.14 
27/05/2021, 1.61 , 0.14 
28/05/2021, 1.58 , 0.14 
31/05/2021, 1.58 , 0.14 
01/06/2021, 1.62 , 0.16 
02/06/2021, 1.59 , 0.13 
03/06/2021, 1.63 , 0.16 
04/06/2021, 1.56 , 0.14 
07/06/2021, 1.57 , 0.16 
08/06/2021, 1.53 , 0.14 
09/06/2021, 1.50 , 0.16 
10/06/2021, 1.45 , 0.14 
11/06/2021, 1.47 , 0.16 
14/06/2021, 1.51 , 0.16 
15/06/2021, 1.51 , 0.16 
16/06/2021, 1.57 , 0.21 
17/06/2021, 1.52 , 0.23 
18/06/2021, 1.45 , 0.26 
21/06/2021, 1.50 , 0.27 
22/06/2021, 1.48 , 0.25 
23/06/2021, 1.50 , 0.26 
24/06/2021, 1.49 , 0.26 
25/06/2021, 1.54 , 0.28 
28/06/2021, 1.49 , 0.25 
29/06/2021, 1.49 , 0.27 
30/06/2021, 1.45 , 0.25 
01/07/2021, 1.48 , 0.25 
02/07/2021, 1.44 , 0.24 
05/07/2021, 1.44 , 0.24 
06/07/2021, 1.37 , 0.22 
07/07/2021, 1.33 , 0.22 
08/07/2021, 1.30 , 0.19 
09/07/2021, 1.37 , 0.23 
12/07/2021, 1.38 , 0.23 
13/07/2021, 1.42 , 0.26 
14/07/2021, 1.37 , 0.23 
15/07/2021, 1.31 , 0.23 
16/07/2021, 1.31 , 0.25 
19/07/2021, 1.19 , 0.21 
20/07/2021, 1.23 , 0.20 
21/07/2021, 1.30 , 0.22 
22/07/2021, 1.27 , 0.20 
23/07/2021, 1.30 , 0.22 
26/07/2021, 1.29 , 0.22 
27/07/2021, 1.25 , 0.20 
28/07/2021, 1.26 , 0.20 
29/07/2021, 1.28 , 0.20 
30/07/2021, 1.24 , 0.19 
02/08/2021, 1.20 , 0.17 
03/08/2021, 1.19 , 0.17 
04/08/2021, 1.19 , 0.17 
05/08/2021, 1.23 , 0.21 
06/08/2021, 1.31 , 0.21 
09/08/2021, 1.33 , 0.23 
10/08/2021, 1.36 , 0.24 
11/08/2021, 1.35 , 0.23 
12/08/2021, 1.36 , 0.23 
13/08/2021, 1.29 , 0.23 
16/08/2021, 1.26 , 0.21 
17/08/2021, 1.26 , 0.23 
18/08/2021, 1.27 , 0.23 
19/08/2021, 1.24 , 0.22 
20/08/2021, 1.26 , 0.23 
23/08/2021, 1.25 , 0.23 
24/08/2021, 1.29 , 0.24 
25/08/2021, 1.35 , 0.23 
26/08/2021, 1.34 , 0.25 
27/08/2021, 1.31 , 0.22 
30/08/2021, 1.29 , 0.20 
31/08/2021, 1.30 , 0.20 
01/09/2021, 1.31 , 0.20 
02/09/2021, 1.29 , 0.20 
03/09/2021, 1.33 , 0.21 
06/09/2021, 1.33 , 0.21 
07/09/2021, 1.38 , 0.22 
08/09/2021, 1.35 , 0.22 
09/09/2021, 1.30 , 0.23 
10/09/2021, 1.35 , 0.23 
13/09/2021, 1.33 , 0.21 
14/09/2021, 1.28 , 0.21 
15/09/2021, 1.31 , 0.21 
16/09/2021, 1.34 , 0.23 
17/09/2021, 1.37 , 0.23 
20/09/2021, 1.31 , 0.23 
21/09/2021, 1.33 , 0.22 
22/09/2021, 1.32 , 0.25 
23/09/2021, 1.41 , 0.27 
24/09/2021, 1.47 , 0.29 
27/09/2021, 1.48 , 0.31 
28/09/2021, 1.54 , 0.31 
29/09/2021, 1.55 , 0.30 
30/09/2021, 1.52 , 0.28 
01/10/2021, 1.48 , 0.27 
04/10/2021, 1.49 , 0.27 
05/10/2021, 1.54 , 0.28 
06/10/2021, 1.53 , 0.30 
07/10/2021, 1.58 , 0.32 
08/10/2021, 1.61 , 0.32 
11/10/2021, 1.61 , 0.32 
12/10/2021, 1.59 , 0.35 
13/10/2021, 1.56 , 0.37 
14/10/2021, 1.52 , 0.36 
15/10/2021, 1.59 , 0.41 
18/10/2021, 1.59 , 0.44 
19/10/2021, 1.65 , 0.41 
20/10/2021, 1.65 , 0.40 
21/10/2021, 1.68 , 0.45 
22/10/2021, 1.66 , 0.48 
25/10/2021, 1.64 , 0.47 
26/10/2021, 1.63 , 0.47 
27/10/2021, 1.54 , 0.50 
28/10/2021, 1.57 , 0.50 
29/10/2021, 1.55 , 0.48 
01/11/2021, 1.58 , 0.50 
02/11/2021, 1.56 , 0.46 
03/11/2021, 1.60 , 0.47 
04/11/2021, 1.53 , 0.41 
05/11/2021, 1.45 , 0.39 
08/11/2021, 1.51 , 0.45 
09/11/2021, 1.46 , 0.41 
10/11/2021, 1.56 , 0.51 
11/11/2021, 1.56 , 0.51 
12/11/2021, 1.58 , 0.53 
15/11/2021, 1.63 , 0.53 
16/11/2021, 1.63 , 0.54 
17/11/2021, 1.60 , 0.52 
18/11/2021, 1.59 , 0.52 
19/11/2021, 1.54 , 0.52 
22/11/2021, 1.63 , 0.63 
23/11/2021, 1.67 , 0.60 
24/11/2021, 1.64 , 0.64 
25/11/2021, 1.64 , 0.64 
26/11/2021, 1.48 , 0.50 
29/11/2021, 1.52 , 0.51 
30/11/2021, 1.43 , 0.52 
01/12/2021, 1.43 , 0.56 
02/12/2021, 1.44 , 0.63 
03/12/2021, 1.35 , 0.60 
06/12/2021, 1.43 , 0.65 
07/12/2021, 1.48 , 0.70 
08/12/2021, 1.52 , 0.68 
09/12/2021, 1.49 , 0.70 
10/12/2021, 1.48 , 0.67 
13/12/2021, 1.42 , 0.66 
14/12/2021, 1.44 , 0.67 
15/12/2021, 1.47 , 0.69 
16/12/2021, 1.44 , 0.64 
17/12/2021, 1.41 , 0.66 
20/12/2021, 1.43 , 0.65 
21/12/2021, 1.48 , 0.70 
22/12/2021, 1.46 , 0.68 
23/12/2021, 1.50 , 0.71 
24/12/2021, 1.50 , 0.71 
27/12/2021, 1.48 , 0.76 
28/12/2021, 1.49 , 0.74 
29/12/2021, 1.55 , 0.75 
30/12/2021, 1.52 , 0.73 
31/12/2021, 1.52 , 0.73 
03/01/2022, 1.63 , 0.78 
04/01/2022, 1.66 , 0.77 
05/01/2022, 1.71 , 0.83 
06/01/2022, 1.73 , 0.88 
07/01/2022, 1.76 , 0.87 
10/01/2022, 1.78 , 0.92 
11/01/2022, 1.75 , 0.90 
12/01/2022, 1.74 , 0.92 
13/01/2022, 1.70 , 0.91 
14/01/2022, 1.78 , 0.99 
17/01/2022, 1.78 , 0.99 
18/01/2022, 1.87 , 1.06 
19/01/2022, 1.83 , 1.04 
20/01/2022, 1.83 , 1.08 
21/01/2022, 1.75 , 1.01 
24/01/2022, 1.75 , 0.99 
25/01/2022, 1.78 , 1.02 
26/01/2022, 1.85 , 1.13 
27/01/2022, 1.81 , 1.18 
28/01/2022, 1.78 , 1.15 
31/01/2022, 1.79 , 1.18 
01/02/2022, 1.81 , 1.18 
02/02/2022, 1.78 , 1.16 
03/02/2022, 1.82 , 1.19 
04/02/2022, 1.93 , 1.31 
07/02/2022, 1.92 , 1.30 
08/02/2022, 1.96 , 1.35 
09/02/2022, 1.94 , 1.36 
10/02/2022, 2.03 , 1.61 
11/02/2022, 1.92 , 1.50 
14/02/2022, 1.98 , 1.58 
15/02/2022, 2.05 , 1.58 
16/02/2022, 2.03 , 1.52 
17/02/2022, 1.97 , 1.49 
18/02/2022, 1.92 , 1.47 
21/02/2022, 1.92 , 1.47 
22/02/2022, 1.94 , 1.56 
23/02/2022, 1.99 , 1.58 
24/02/2022, 1.96 , 1.54 
25/02/2022, 1.97 , 1.55 
28/02/2022, 1.83 , 1.44 
01/03/2022, 1.72 , 1.31 
02/03/2022, 1.86 , 1.50 
03/03/2022, 1.86 , 1.53 
04/03/2022, 1.74 , 1.50 
07/03/2022, 1.78 , 1.55 
08/03/2022, 1.86 , 1.63 
09/03/2022, 1.94 , 1.68 
10/03/2022, 1.98 , 1.72 
11/03/2022, 2.00 , 1.75 
14/03/2022, 2.14 , 1.87 
15/03/2022, 2.15 , 1.85 
16/03/2022, 2.19 , 1.95 
17/03/2022, 2.20 , 1.94 
18/03/2022, 2.14 , 1.97 
21/03/2022, 2.32 , 2.14 
22/03/2022, 2.38 , 2.18 
23/03/2022, 2.32 , 2.13 
24/03/2022, 2.34 , 2.13 
25/03/2022, 2.48 , 2.30 
28/03/2022, 2.46 , 2.35 
29/03/2022, 2.41 , 2.35 
30/03/2022, 2.35 , 2.31 
31/03/2022, 2.32 , 2.28 
01/04/2022, 2.39 , 2.44 
04/04/2022, 2.42 , 2.43 
05/04/2022, 2.54 , 2.51 
06/04/2022, 2.61 , 2.50 
07/04/2022, 2.66 , 2.47 
08/04/2022, 2.72 , 2.53 
11/04/2022, 2.79 , 2.50 
12/04/2022, 2.72 , 2.39 
13/04/2022, 2.70 , 2.37 
14/04/2022, 2.83 , 2.47 
15/04/2022, 2.83 , 2.47 
18/04/2022, 2.85 , 2.46 
19/04/2022, 2.93 , 2.61 
20/04/2022, 2.85 , 2.60 
21/04/2022, 2.90 , 2.68 
22/04/2022, 2.90 , 2.72 
25/04/2022, 2.81 , 2.63 
26/04/2022, 2.77 , 2.54 
27/04/2022, 2.82 , 2.58 
28/04/2022, 2.85 , 2.63 
29/04/2022, 2.89 , 2.70 
02/05/2022, 2.99 , 2.73 
03/05/2022, 2.97 , 2.78 
04/05/2022, 2.93 , 2.66 
05/05/2022, 3.05 , 2.71 
06/05/2022, 3.12 , 2.72 
09/05/2022, 3.05 , 2.61 
10/05/2022, 2.99 , 2.62 
11/05/2022, 2.91 , 2.66 
12/05/2022, 2.84 , 2.56 
13/05/2022, 2.93 , 2.61 
16/05/2022, 2.88 , 2.58 
17/05/2022, 2.98 , 2.71 
18/05/2022, 2.89 , 2.68 
19/05/2022, 2.84 , 2.63 
20/05/2022, 2.78 , 2.60 
23/05/2022, 2.86 , 2.65 
24/05/2022, 2.76 , 2.50 
25/05/2022, 2.75 , 2.48 
26/05/2022, 2.75 , 2.46 
27/05/2022, 2.74 , 2.47 
30/05/2022, 2.74 , 2.47 
31/05/2022, 2.85 , 2.53 
01/06/2022, 2.94 , 2.66 
02/06/2022, 2.92 , 2.65 
03/06/2022, 2.96 , 2.66 
06/06/2022, 3.04 , 2.73 
07/06/2022, 2.98 , 2.75 
08/06/2022, 3.03 , 2.78 
09/06/2022, 3.04 , 2.83 
10/06/2022, 3.15 , 3.06 
13/06/2022, 3.43 , 3.40 
14/06/2022, 3.49 , 3.45 
15/06/2022, 3.33 , 3.20 
16/06/2022, 3.28 , 3.14 
17/06/2022, 3.25 , 3.17 
20/06/2022, 3.25 , 3.17 
21/06/2022, 3.31 , 3.21 
22/06/2022, 3.16 , 3.06 
23/06/2022, 3.09 , 3.01 
24/06/2022, 3.13 , 3.04 
27/06/2022, 3.20 , 3.08 
28/06/2022, 3.20 , 3.10 
29/06/2022, 3.10 , 3.06 
30/06/2022, 2.98 , 2.92 
01/07/2022, 2.88 , 2.84 
04/07/2022, 2.88 , 2.84 
05/07/2022, 2.82 , 2.82 
06/07/2022, 2.93 , 2.97 
07/07/2022, 3.01 , 3.03 
08/07/2022, 3.09 , 3.12 
11/07/2022, 2.99 , 3.07 
12/07/2022, 2.96 , 3.03 
13/07/2022, 2.91 , 3.13 
14/07/2022, 2.96 , 3.15 
15/07/2022, 2.93 , 3.13 
18/07/2022, 2.96 , 3.15 
19/07/2022, 3.01 , 3.23 
20/07/2022, 3.04 , 3.25 
21/07/2022, 2.91 , 3.10 
22/07/2022, 2.77 , 2.98 
25/07/2022, 2.81 , 3.00 
26/07/2022, 2.81 , 3.02 
27/07/2022, 2.78 , 2.96 
28/07/2022, 2.68 , 2.85 
29/07/2022, 2.67 , 2.89 
01/08/2022, 2.60 , 2.90 
02/08/2022, 2.75 , 3.06 
03/08/2022, 2.73 , 3.10 
04/08/2022, 2.68 , 3.03 
05/08/2022, 2.83 , 3.24 
08/08/2022, 2.77 , 3.21 
09/08/2022, 2.80 , 3.28 
10/08/2022, 2.78 , 3.23 
11/08/2022, 2.87 , 3.23 
12/08/2022, 2.84 , 3.25 
15/08/2022, 2.79 , 3.20 
16/08/2022, 2.82 , 3.25 
17/08/2022, 2.89 , 3.28 
18/08/2022, 2.88 , 3.22 
19/08/2022, 2.98 , 3.25 
22/08/2022, 3.03 , 3.32 
23/08/2022, 3.05 , 3.29 
24/08/2022, 3.11 , 3.36 
25/08/2022, 3.03 , 3.35 
26/08/2022, 3.04 , 3.37 
29/08/2022, 3.12 , 3.42 
30/08/2022, 3.11 , 3.46 
31/08/2022, 3.15 , 3.45 
01/09/2022, 3.26 , 3.51 
02/09/2022, 3.20 , 3.40 
05/09/2022, 3.20 , 3.40 
06/09/2022, 3.33 , 3.50 
07/09/2022, 3.27 , 3.45 
08/09/2022, 3.29 , 3.48 
09/09/2022, 3.33 , 3.56 
12/09/2022, 3.37 , 3.58 
13/09/2022, 3.42 , 3.75 
14/09/2022, 3.41 , 3.78 
15/09/2022, 3.45 , 3.87 
16/09/2022, 3.45 , 3.85 
19/09/2022, 3.49 , 3.95 
20/09/2022, 3.57 , 3.96 
21/09/2022, 3.51 , 4.02 
22/09/2022, 3.70 , 4.11 
23/09/2022, 3.69 , 4.20 
26/09/2022, 3.88 , 4.27 
27/09/2022, 3.97 , 4.30 
28/09/2022, 3.72 , 4.07 
29/09/2022, 3.76 , 4.16 
30/09/2022, 3.83 , 4.22 
03/10/2022, 3.67 , 4.12 
04/10/2022, 3.62 , 4.10 
05/10/2022, 3.76 , 4.15 
06/10/2022, 3.83 , 4.23 
07/10/2022, 3.89 , 4.30 
10/10/2022, 3.89 , 4.30 
11/10/2022, 3.93 , 4.30 
12/10/2022, 3.91 , 4.28 
13/10/2022, 3.97 , 4.47 
14/10/2022, 4.00 , 4.48 
17/10/2022, 4.02 , 4.45 
18/10/2022, 4.01 , 4.43 
19/10/2022, 4.14 , 4.55 
20/10/2022, 4.24 , 4.62 
21/10/2022, 4.21 , 4.49 
24/10/2022, 4.25 , 4.50 
25/10/2022, 4.10 , 4.42 
26/10/2022, 4.04 , 4.39 
27/10/2022, 3.96 , 4.30 
28/10/2022, 4.02 , 4.41 
31/10/2022, 4.10 , 4.51 
01/11/2022, 4.07 , 4.54 
02/11/2022, 4.10 , 4.61 
03/11/2022, 4.14 , 4.71 
04/11/2022, 4.17 , 4.66 
07/11/2022, 4.22 , 4.72 
08/11/2022, 4.14 , 4.67 
09/11/2022, 4.12 , 4.61 
10/11/2022, 3.82 , 4.34 
11/11/2022, 3.82 , 4.34 
14/11/2022, 3.88 , 4.40 
15/11/2022, 3.80 , 4.37 
16/11/2022, 3.67 , 4.35 
17/11/2022, 3.77 , 4.43 
18/11/2022, 3.82 , 4.51 
21/11/2022, 3.83 , 4.48 
22/11/2022, 3.76 , 4.47 
23/11/2022, 3.71 , 4.46 
24/11/2022, 3.71 , 4.46 
25/11/2022, 3.68 , 4.42 
28/11/2022, 3.69 , 4.46 
29/11/2022, 3.75 , 4.48 
30/11/2022, 3.68 , 4.38 
01/12/2022, 3.53 , 4.25 
02/12/2022, 3.51 , 4.28 
05/12/2022, 3.60 , 4.41 
06/12/2022, 3.51 , 4.34 
07/12/2022, 3.42 , 4.26 
08/12/2022, 3.48 , 4.31 
09/12/2022, 3.57 , 4.33 
12/12/2022, 3.61 , 4.39 
13/12/2022, 3.51 , 4.22 
14/12/2022, 3.49 , 4.23 
15/12/2022, 3.44 , 4.23 
16/12/2022, 3.48 , 4.17 
19/12/2022, 3.57 , 4.25 
20/12/2022, 3.69 , 4.25 
21/12/2022, 3.68 , 4.21 
22/12/2022, 3.67 , 4.24 
23/12/2022, 3.75 , 4.31 
26/12/2022, 3.75 , 4.31 
27/12/2022, 3.84 , 4.32 
28/12/2022, 3.88 , 4.31 
29/12/2022, 3.83 , 4.34 
30/12/2022, 3.88 , 4.41 
02/01/2023, 3.88 , 4.41 
03/01/2023, 3.79 , 4.40 
04/01/2023, 3.69 , 4.36 
05/01/2023, 3.71 , 4.45 
06/01/2023, 3.55 , 4.24 
09/01/2023, 3.53 , 4.19 
10/01/2023, 3.61 , 4.24 
11/01/2023, 3.54 , 4.20 
12/01/2023, 3.43 , 4.12 
13/01/2023, 3.49 , 4.22 
16/01/2023, 3.49 , 4.22 
17/01/2023, 3.53 , 4.18 
18/01/2023, 3.37 , 4.06 
19/01/2023, 3.39 , 4.09 
20/01/2023, 3.48 , 4.14 
23/01/2023, 3.52 , 4.21 
24/01/2023, 3.46 , 4.12 
25/01/2023, 3.46 , 4.11 
26/01/2023, 3.49 , 4.17 
27/01/2023, 3.52 , 4.19 
30/01/2023, 3.55 , 4.25 
31/01/2023, 3.52 , 4.21 
01/02/2023, 3.39 , 4.09 
02/02/2023, 3.40 , 4.09 
03/02/2023, 3.53 , 4.30 
06/02/2023, 3.63 , 4.44 
07/02/2023, 3.67 , 4.47 
08/02/2023, 3.63 , 4.45 
09/02/2023, 3.67 , 4.48 
10/02/2023, 3.74 , 4.50 
13/02/2023, 3.72 , 4.52 
14/02/2023, 3.77 , 4.60 
15/02/2023, 3.81 , 4.62 
16/02/2023, 3.86 , 4.62 
17/02/2023, 3.82 , 4.60 
20/02/2023, 3.82 , 4.60 
21/02/2023, 3.95 , 4.67 
22/02/2023, 3.93 , 4.66 
23/02/2023, 3.88 , 4.66 
24/02/2023, 3.95 , 4.78 
27/02/2023, 3.92 , 4.78 
28/02/2023, 3.92 , 4.81 
01/03/2023, 4.01 , 4.89 
02/03/2023, 4.08 , 4.89 
03/03/2023, 3.97 , 4.86 
06/03/2023, 3.98 , 4.89 
07/03/2023, 3.97 , 5.00 
08/03/2023, 3.98 , 5.05 
09/03/2023, 3.93 , 4.90 
10/03/2023, 3.70 , 4.60 
13/03/2023, 3.55 , 4.03 
14/03/2023, 3.64 , 4.20 
15/03/2023, 3.51 , 3.93 
16/03/2023, 3.56 , 4.14 
17/03/2023, 3.39 , 3.81 
20/03/2023, 3.47 , 3.92 
21/03/2023, 3.59 , 4.17 
22/03/2023, 3.48 , 3.96 
23/03/2023, 3.38 , 3.76 
24/03/2023, 3.38 , 3.76 
27/03/2023, 3.53 , 3.94 
28/03/2023, 3.55 , 4.02 
29/03/2023, 3.57 , 4.08 
30/03/2023, 3.55 , 4.10 
31/03/2023, 3.48 , 4.06 
03/04/2023, 3.43 , 3.97 
04/04/2023, 3.35 , 3.84 
05/04/2023, 3.30 , 3.79 
06/04/2023, 3.30 , 3.82 
07/04/2023, 3.39 , 3.97 
10/04/2023, 3.41 , 4.00 
11/04/2023, 3.43 , 4.03 
12/04/2023, 3.41 , 3.95 
13/04/2023, 3.45 , 3.96 
14/04/2023, 3.52 , 4.08 
17/04/2023, 3.60 , 4.18